feature,group,coef_std,odds_ratio_std,coef_real,step,odds_ratio_step
ca_2,ca,-0.9467979796972665,0.3879813607964201,-2.8129904642889128,1,0.0600252204473739
sex,sex,-0.8460090548003599,0.4291241299087147,-1.8083965413562215,1,0.16391675993935098
ca_1,ca,-0.8438668570448918,0.43004438398781236,-2.014861024277097,1,0.13333893295293642
thalachh,thalachh,0.7670763003498585,2.153460967817001,0.03267996211873151,10,1.3865236193862123
ca_3,ca,-0.6976261550721597,0.49776552056763496,-2.785885308601529,1,0.06167446392108275
exng,exng,-0.6785679417714825,0.5073430171290048,-1.4606489847183202,1,0.23208560583261373
cp_2,cp,0.6692627051503464,1.9527970025592305,1.4881205875160493,1,4.428764217720898
cp_3,cp,0.45017187779285894,1.568581766693972,1.6226022489731091,1,5.066256839506599
cp_1,cp,0.40169812998159216,1.4943601620523999,1.0742718018084796,1,2.927860061661319
trtbps,trtbps,-0.3678704629475944,0.692206842315427,-0.02082916397207962,10,0.8119701994157837
chol,chol,-0.3118513701928275,0.7320903305871436,-0.00585144287182536,50,0.7463413993447335
fbs,fbs,0.2956510432751545,1.3440010767785517,0.8071413126445448,1,2.2414910968495887
restecg_1,restecg,0.1235098963178102,1.1314612017863157,0.2470285149319327,1,1.2802156175189952
restecg_2,restecg,-0.08321473703052679,0.9201535349658224,-0.6473501869810339,1,0.5234309348512525
age,age,0.03391290082376475,1.0344944991853295,0.0037490282608325237,10,1.038201908418226
